id,name,email,gender,ip_address
1,Dominic Alwell,dalwell0@moonfruit.com,Male,10
2,Pascal Ladel,pladel1@51.la,Male,6
3,Gaby Chidler,gchidler2@admin.ch,Female,5
4,Craig Stirley,cstirley3@acquirethisname.com,Male,5
5,Charline McFadyen,cmcfadyen4@nytimes.com,Female,10
6,Kerrill Toseland,ktoseland5@bravesites.com,Female,5
7,Loria Alp,lalp6@ustream.tv,Female,4
8,Harper Nickels,hnickels7@yolasite.com,Male,5
9,Corbie Macy,cmacy8@sbwire.com,Male,7
10,Lauraine MacAnespie,lmacanespie9@angelfire.com,Female,1
11,Gipsy Sictornes,gsictornesa@shutterfly.com,Bigender,3
12,Loydie Nestor,lnestorb@cmu.edu,Male,3
13,Nolana Huncote,nhuncotec@google.com.hk,Female,6
14,Hodge Loffel,hloffeld@census.gov,Male,8
15,Zeb Witherop,zwitherope@t-online.de,Male,5
16,Lexine Gonneau,lgonneauf@nps.gov,Female,10
17,Brittne Anger,bangerg@wiley.com,Female,4
18,Kyla Benditt,kbenditth@si.edu,Female,7
19,Brandea Latore,blatorei@clickbank.net,Female,5
20,Elias Bubbear,ebubbearj@paypal.com,Male,10
21,Rochell Jullian,rjulliank@addthis.com,Female,4
22,Nathalia Skelington,nskelingtonl@sakura.ne.jp,Female,10
23,Giraldo Backen,gbackenm@technorati.com,Male,6
24,Bartholomeus Bewley,bbewleyn@yahoo.co.jp,Male,7
25,Gilemette Belle,gbelleo@photobucket.com,Female,3
26,Lorie Waldren,lwaldrenp@printfriendly.com,Female,10
27,Marena Errichelli,merrichelliq@networkadvertising.org,Female,3
28,Tyson Kunneke,tkunneker@google.es,Male,3
29,Teresina Posten,tpostens@youtube.com,Female,3
30,Christal Etchell,cetchellt@prlog.org,Female,7
31,Jude Keymer,jkeymeru@globo.com,Male,1
32,Alida Teare,atearev@about.me,Female,9
33,Prudi Binestead,pbinesteadw@e-recht24.de,Female,7
34,Clair Hallyburton,challyburtonx@economist.com,Male,9
35,Davita Fitzmaurice,dfitzmauricey@amazon.co.uk,Female,1
36,Ryon Dodswell,rdodswellz@spotify.com,Male,10
37,Sidney Bloy,sbloy10@lycos.com,Male,6
38,Terry Ranyelld,tranyelld11@msu.edu,Male,2
39,Shayna Schechter,sschechter12@businessinsider.com,Female,3
40,Shem Antonazzi,santonazzi13@tmall.com,Male,9
41,Tally Schustl,tschustl14@hatena.ne.jp,Male,4
42,Steven Kolczynski,skolczynski15@livejournal.com,Male,5
43,Federico MacGinlay,fmacginlay16@cdc.gov,Male,10
44,Iorgos Salamon,isalamon17@ucla.edu,Male,4
45,Jenn Guisler,jguisler18@w3.org,Female,6
46,Franciskus Fautley,ffautley19@weather.com,Male,4
47,Reube Sillito,rsillito1a@sbwire.com,Male,6
48,Marlo Leythley,mleythley1b@walmart.com,Male,10
49,Price Sayward,psayward1c@netscape.com,Male,4
50,Lindsy Snaddin,lsnaddin1d@furl.net,Female,10
51,Avigdor MacArd,amacard1e@walmart.com,Male,3
52,Ursulina Le Pruvost,ule1f@boston.com,Female,3
53,Serene Tressler,stressler1g@uol.com.br,Female,7
54,Kilian Bourdice,kbourdice1h@last.fm,Male,2
55,Samantha Brearty,sbrearty1i@baidu.com,Female,7
56,Rossy O' Lone,ro1j@geocities.jp,Male,6
57,Godfry Boyall,gboyall1k@washington.edu,Male,1
58,Muffin Durrett,mdurrett1l@dedecms.com,Female,1
59,Phillie O'Longain,polongain1m@123-reg.co.uk,Female,3
60,Gilligan Pryn,gpryn1n@fda.gov,Female,1
61,Jerrome Dungey,jdungey1o@360.cn,Male,4
62,Adelina Levecque,alevecque1p@bbb.org,Female,2
63,Kaye Margetts,kmargetts1q@qq.com,Female,2
64,Gran Hune,ghune1r@xinhuanet.com,Male,8
65,Grenville Otham,gotham1s@census.gov,Male,1
66,Abdel Seefus,aseefus1t@storify.com,Male,3
67,Edd Meldon,emeldon1u@shop-pro.jp,Male,2
68,Olin Faich,ofaich1v@desdev.cn,Male,7
69,Anastasie Farman,afarman1w@purevolume.com,Female,10
70,Wayne Gheraldi,wgheraldi1x@netvibes.com,Male,10
71,Barret Harwin,bharwin1y@cafepress.com,Male,6
72,Prent Ladbury,pladbury1z@nature.com,Male,8
73,Svend Le Guin,sle20@reddit.com,Male,10
74,Sile Whooley,swhooley21@purevolume.com,Female,1
75,Keelby Colrein,kcolrein22@biblegateway.com,Male,6
76,Doroteya Marquet,dmarquet23@oaic.gov.au,Female,5
77,Burch Croll,bcroll24@japanpost.jp,Male,8
78,Marys Jimes,mjimes25@forbes.com,Female,1
79,Modestine Gregan,mgregan26@oaic.gov.au,Female,4
80,Abba Heakey,aheakey27@boston.com,Male,4
81,Hewet Lilliman,hlilliman28@istockphoto.com,Male,3
82,Tripp Podbury,tpodbury29@123-reg.co.uk,Male,5
83,Bail Wreakes,bwreakes2a@addthis.com,Male,1
84,Dennet Borges,dborges2b@google.nl,Male,2
85,Sonnie Gayler,sgayler2c@businesswire.com,Female,3
86,Licha Sacher,lsacher2d@umn.edu,Female,2
87,Jorie Mainz,jmainz2e@gnu.org,Female,10
88,Herold Jorck,hjorck2f@whitehouse.gov,Male,5
89,Teirtza MacLoughlin,tmacloughlin2g@surveymonkey.com,Genderqueer,10
90,Moyna Huskinson,mhuskinson2h@elegantthemes.com,Female,1
91,Montague Sybry,msybry2i@amazonaws.com,Male,1
92,Cloris Sor,csor2j@sina.com.cn,Female,8
93,Ashley Leghorn,aleghorn2k@gravatar.com,Female,9
94,Verena Dannel,vdannel2l@studiopress.com,Female,2
95,Stanton Gobolos,sgobolos2m@mtv.com,Male,1
96,Husain Briers,hbriers2n@blinklist.com,Male,4
97,Alameda Delves,adelves2o@nasa.gov,Female,7
98,Rochette O'Devey,rodevey2p@indiegogo.com,Female,3
99,Porty Adin,padin2q@google.pl,Male,2
100,Lilly Hartles,lhartles2r@usa.gov,Female,4
