id,name,email,gender,ip_address
1,Ally von Nassau,avon0@ovh.net,Female,7
2,Alanna Sodo,asodo1@usa.gov,Female,4
3,Channa Bruggen,cbruggen2@yahoo.co.jp,Female,3
4,Jory Tarr,jtarr3@bizjournals.com,Male,1
5,Jan Kemitt,jkemitt4@techcrunch.com,Female,2
6,Meagan Teresa,mteresa5@answers.com,Female,1
7,Klaus Boddam,kboddam6@cnn.com,Agender,6
8,Brooks Normanvill,bnormanvill7@jimdo.com,Male,5
9,Hersch Simyson,hsimyson8@instagram.com,Non-binary,4
10,Ivonne Petrolli,ipetrolli9@msn.com,Female,3
11,Benjamin Jerche,bjerchea@wikispaces.com,Male,9
12,Rea McCathie,rmccathieb@github.io,Female,3
13,Cris Jaksic,cjaksicc@myspace.com,Male,6
14,Skelly Melsome,smelsomed@1und1.de,Bigender,7
15,Roda Matuszyk,rmatuszyke@lycos.com,Female,10
16,Elvyn Stroulger,estroulgerf@skyrock.com,Male,4
17,Rudy Sachno,rsachnog@sourceforge.net,Male,10
18,Teri Dealey,tdealeyh@businesswire.com,Female,5
19,Calypso Graybeal,cgraybeali@icio.us,Female,9
20,Rogers Ellison,rellisonj@addthis.com,Male,3
21,Edita Petrashkov,epetrashkovk@auda.org.au,Female,2
22,Rhonda McCathay,rmccathayl@ucsd.edu,Female,3
23,Christiana Ayree,cayreem@technorati.com,Female,7
24,Irvin D'Souza,idsouzan@a8.net,Male,4
25,Camille Justice,cjusticeo@livejournal.com,Female,3
26,Roger Morgue,rmorguep@cargocollective.com,Male,8
27,Candace Armiger,carmigerq@webs.com,Polygender,9
28,Hyacinthe O'Hern,hohernr@goo.gl,Female,7
29,Fifi Halley,fhalleys@biglobe.ne.jp,Female,2
30,Iggie Streetley,istreetleyt@prnewswire.com,Male,7
31,Aluino Shurville,ashurvilleu@rediff.com,Male,4
32,Nickolai Baldocci,nbaldocciv@accuweather.com,Male,3
33,De Leason,dleasonw@mayoclinic.com,Female,7
34,Bourke Woolveridge,bwoolveridgex@cocolog-nifty.com,Male,5
35,Hieronymus Scartifield,hscartifieldy@prnewswire.com,Male,4
36,Kasey Trahmel,ktrahmelz@prlog.org,Female,1
37,Judith Rushbury,jrushbury10@samsung.com,Bigender,3
38,Eliot Eginton,eeginton11@lulu.com,Male,6
39,Eydie Skull,eskull12@purevolume.com,Female,9
40,Reese Medcraft,rmedcraft13@go.com,Male,6
41,Rowen Clerke,rclerke14@admin.ch,Male,8
42,Cosme Hails,chails15@indiegogo.com,Genderqueer,1
43,Reinhard Palfreman,rpalfreman16@yellowpages.com,Male,10
44,Agathe Sember,asember17@simplemachines.org,Female,9
45,Verge Ethridge,vethridge18@t.co,Polygender,10
46,Estella Labon,elabon19@unesco.org,Genderfluid,10
47,Emerson Dedrick,ededrick1a@bing.com,Male,7
48,Lief Haynesford,lhaynesford1b@feedburner.com,Male,9
49,Karine Tristram,ktristram1c@dot.gov,Female,4
50,Pierrette Sarjent,psarjent1d@bing.com,Bigender,5
51,Grady Kimbly,gkimbly1e@freewebs.com,Male,1
52,Mikol Baggarley,mbaggarley1f@wunderground.com,Male,2
53,Olympie O'Caherny,oocaherny1g@si.edu,Female,5
54,Helsa Falkinder,hfalkinder1h@hud.gov,Female,4
55,Wendell Berzon,wberzon1i@baidu.com,Male,6
56,Stu Penkman,spenkman1j@canalblog.com,Male,6
57,Minerva Juster,mjuster1k@i2i.jp,Female,10
58,Alejandro Siggery,asiggery1l@wordpress.org,Male,9
59,Tamar Southgate,tsouthgate1m@opera.com,Female,3
60,Retha Skep,rskep1n@comcast.net,Female,1
61,Ferdinanda Caulwell,fcaulwell1o@soundcloud.com,Female,4
62,Jessamine Buckoke,jbuckoke1p@msu.edu,Genderfluid,8
63,Donella Petrollo,dpetrollo1q@addthis.com,Female,9
64,Vaughn Lamkin,vlamkin1r@moonfruit.com,Male,3
65,Perla Andrieu,pandrieu1s@theglobeandmail.com,Female,6
66,Ivory Spilsbury,ispilsbury1t@booking.com,Female,3
67,Ikey Stoffel,istoffel1u@sun.com,Male,6
68,Barnett Braidon,bbraidon1v@tuttocitta.it,Male,9
69,Filmore de Bullion,fde1w@diigo.com,Male,10
70,Cleveland Longson,clongson1x@sciencedaily.com,Male,3
71,Lydon Magnus,lmagnus1y@ibm.com,Male,10
72,Andee Napolitano,anapolitano1z@nifty.com,Female,1
73,Darice Aronin,daronin20@webeden.co.uk,Female,4
74,Bidget Melby,bmelby21@intel.com,Female,1
75,Siward Thornley,sthornley22@ehow.com,Male,4
76,Julie Grooby,jgrooby23@mapy.cz,Female,7
77,Florencia Elcoat,felcoat24@nih.gov,Female,4
78,Sol Sturror,ssturror25@weibo.com,Male,3
79,Stan Paxton,spaxton26@soundcloud.com,Male,2
80,Carlynne MacNish,cmacnish27@cdbaby.com,Female,3
81,Shaina Permain,spermain28@fc2.com,Female,3
82,Candice Elphee,celphee29@dailymail.co.uk,Female,9
83,Lulita Halvorsen,lhalvorsen2a@infoseek.co.jp,Female,4
84,Gabi Nickels,gnickels2b@sciencedaily.com,Female,7
85,Dav Stancer,dstancer2c@360.cn,Male,5
86,Truda Cavaney,tcavaney2d@imgur.com,Female,3
87,Peggie Beeching,pbeeching2e@hugedomains.com,Female,10
88,Nessi Battista,nbattista2f@imdb.com,Polygender,9
89,Fred Kershow,fkershow2g@unblog.fr,Female,4
90,Maryl Threadgold,mthreadgold2h@soundcloud.com,Female,5
91,Allyce Lazar,alazar2i@csmonitor.com,Female,2
92,Kissiah Banke,kbanke2j@indiegogo.com,Female,4
93,Shanta Spurgin,sspurgin2k@ft.com,Female,10
94,Rozina Pierson,rpierson2l@fda.gov,Female,6
95,Dyann Ashcroft,dashcroft2m@example.com,Female,8
96,Ivonne Cesaric,icesaric2n@cafepress.com,Female,4
97,Deni Caldwell,dcaldwell2o@addthis.com,Female,10
98,Manuel Wyche,mwyche2p@apple.com,Male,4
99,Kai Standen,kstanden2q@noaa.gov,Female,5
100,Costanza Tirrey,ctirrey2r@usatoday.com,Female,3
